Title,Id,URL,Description,Owner,Last modification,Size,Search,Photos
Hidden,Hidden,Hidden,Hidden,Hidden,Hidden,Hidden,StringFilter,
A001.jpg,1oBwqmc_O6wn5fgp0uGt6HQECx5n7IwFS,https://drive.google.com/a/ucsc.edu/file/d/1oBwqmc_O6wn5fgp0uGt6HQECx5n7IwFS/view?usp=drivesdk,,Samuel Rapp,7/30/2019,667327,,
A002.jpg,1KD9xZJnOBHV_VzUJCRqm9oKkZmdnUjhc,https://drive.google.com/a/ucsc.edu/file/d/1KD9xZJnOBHV_VzUJCRqm9oKkZmdnUjhc/view?usp=drivesdk,,Samuel Rapp,7/30/2019,499394,,
A003.jpg,1RBCsBDbuig70pGjXENBwFgsAKOeVTqnH,https://drive.google.com/a/ucsc.edu/file/d/1RBCsBDbuig70pGjXENBwFgsAKOeVTqnH/view?usp=drivesdk,,Samuel Rapp,7/30/2019,332675,,
A004.jpg,1an8lAA-meqccUGFkXazRtuGewPDzlR8F,https://drive.google.com/a/ucsc.edu/file/d/1an8lAA-meqccUGFkXazRtuGewPDzlR8F/view?usp=drivesdk,,Samuel Rapp,7/30/2019,318275,,
A005.jpg,1Dy6da43uR8aHNAo6uhkfjcDREO4aglQZ,https://drive.google.com/a/ucsc.edu/file/d/1Dy6da43uR8aHNAo6uhkfjcDREO4aglQZ/view?usp=drivesdk,,Samuel Rapp,7/30/2019,413474,,
A006.jpg,1YtbZnMg59oA0qaThBXrLPS73MeNEnToN,https://drive.google.com/a/ucsc.edu/file/d/1YtbZnMg59oA0qaThBXrLPS73MeNEnToN/view?usp=drivesdk,,Samuel Rapp,7/30/2019,443406,,
A007.jpg,1XQ0r9k70oAT0vwCuejp51luMk5J-r8lW,https://drive.google.com/a/ucsc.edu/file/d/1XQ0r9k70oAT0vwCuejp51luMk5J-r8lW/view?usp=drivesdk,,Samuel Rapp,7/30/2019,184474,,
A008.jpg,1c7ZYJ_HtZ9YqiXhvO8YAN6YcYaNGGI7l,https://drive.google.com/a/ucsc.edu/file/d/1c7ZYJ_HtZ9YqiXhvO8YAN6YcYaNGGI7l/view?usp=drivesdk,,Samuel Rapp,7/30/2019,410718,,
A009.jpg,1r7w6ZhKCaNjHqEulCrQFhhV4KJEKSYGW,https://drive.google.com/a/ucsc.edu/file/d/1r7w6ZhKCaNjHqEulCrQFhhV4KJEKSYGW/view?usp=drivesdk,,Samuel Rapp,7/30/2019,1813440,,
A010.jpg,1rLZ58oWp4pxs_3zAZxeJPRDCufRt3ctJ,https://drive.google.com/a/ucsc.edu/file/d/1rLZ58oWp4pxs_3zAZxeJPRDCufRt3ctJ/view?usp=drivesdk,,Samuel Rapp,7/30/2019,544085,,
A011.jpg,1HqTez83RqnS0eFLFIykp2wfrBd1OnIaH,https://drive.google.com/a/ucsc.edu/file/d/1HqTez83RqnS0eFLFIykp2wfrBd1OnIaH/view?usp=drivesdk,,Samuel Rapp,7/30/2019,316952,,
A012.jpg,1zGCGMw5mRLuKo5xCDurVcXtTxJeVU-zi,https://drive.google.com/a/ucsc.edu/file/d/1zGCGMw5mRLuKo5xCDurVcXtTxJeVU-zi/view?usp=drivesdk,,Samuel Rapp,7/30/2019,351073,,
A013.jpg,1aTtAusNQeF8s1gnZX7S74j37wu8iLkIE,https://drive.google.com/a/ucsc.edu/file/d/1aTtAusNQeF8s1gnZX7S74j37wu8iLkIE/view?usp=drivesdk,,Samuel Rapp,7/30/2019,618006,,
A014.jpg,1xPXry82R13bS9tjgsycbEU-iioUgXmtj,https://drive.google.com/a/ucsc.edu/file/d/1xPXry82R13bS9tjgsycbEU-iioUgXmtj/view?usp=drivesdk,,Samuel Rapp,7/30/2019,209353,,
A015.jpg,1PxMhs1h9SezlPcO53FY6Dnx67dsGmHAM,https://drive.google.com/a/ucsc.edu/file/d/1PxMhs1h9SezlPcO53FY6Dnx67dsGmHAM/view?usp=drivesdk,,Samuel Rapp,7/30/2019,407945,,
A016.jpg,1hrqizTRPiYNbz1kVodUtXz5ESRuoVjMv,https://drive.google.com/a/ucsc.edu/file/d/1hrqizTRPiYNbz1kVodUtXz5ESRuoVjMv/view?usp=drivesdk,,Samuel Rapp,7/30/2019,301859,,
A017.jpg,11z6wYC77WYSe-JJB1Led5HTnTOoGpxIq,https://drive.google.com/a/ucsc.edu/file/d/11z6wYC77WYSe-JJB1Led5HTnTOoGpxIq/view?usp=drivesdk,,Samuel Rapp,7/30/2019,816034,,
A018.jpg,1LHSc8yz2Mew4IojUOF-0gYwJAsQPeSY3,https://drive.google.com/a/ucsc.edu/file/d/1LHSc8yz2Mew4IojUOF-0gYwJAsQPeSY3/view?usp=drivesdk,,Samuel Rapp,7/30/2019,1295097,,
A019.jpg,1pZEqJxb0CWh0GboIj2l2PuNBzsv2u5iW,https://drive.google.com/a/ucsc.edu/file/d/1pZEqJxb0CWh0GboIj2l2PuNBzsv2u5iW/view?usp=drivesdk,,Samuel Rapp,7/30/2019,2125789,,
A020.jpg,1uehXPKf1DN16EiFcO5Co5Kr6dQdyRsX-,https://drive.google.com/a/ucsc.edu/file/d/1uehXPKf1DN16EiFcO5Co5Kr6dQdyRsX-/view?usp=drivesdk,,Samuel Rapp,7/30/2019,555214,,
A021.jpg,1k-UID_5JkJKBrobZ12_EM1gapBMEA85v,https://drive.google.com/a/ucsc.edu/file/d/1k-UID_5JkJKBrobZ12_EM1gapBMEA85v/view?usp=drivesdk,,Samuel Rapp,7/30/2019,591490,,
A022.jpg,1cHqd3fmaozPrCNX_Bu9CiaHJx6QfaEkQ,https://drive.google.com/a/ucsc.edu/file/d/1cHqd3fmaozPrCNX_Bu9CiaHJx6QfaEkQ/view?usp=drivesdk,,Samuel Rapp,7/30/2019,541021,,
A023.jpg,18WOjxIaT02kkyfZY9ZphNCtdTmYUKHrF,https://drive.google.com/a/ucsc.edu/file/d/18WOjxIaT02kkyfZY9ZphNCtdTmYUKHrF/view?usp=drivesdk,,Samuel Rapp,7/30/2019,437870,,
A024.jpg,1BX74lofvif4EiaNyKWHkB7t1qsFyqIyt,https://drive.google.com/a/ucsc.edu/file/d/1BX74lofvif4EiaNyKWHkB7t1qsFyqIyt/view?usp=drivesdk,,Samuel Rapp,7/30/2019,809738,,
A025.jpg,1e1XNO6lxSrP6V9AzRI6LFEPDJaF_k_2O,https://drive.google.com/a/ucsc.edu/file/d/1e1XNO6lxSrP6V9AzRI6LFEPDJaF_k_2O/view?usp=drivesdk,,Samuel Rapp,7/30/2019,1743528,,
A026.jpg,1Xu0WCpV8Md5IYJxtL3gtWPnGiDgsv0LG,https://drive.google.com/a/ucsc.edu/file/d/1Xu0WCpV8Md5IYJxtL3gtWPnGiDgsv0LG/view?usp=drivesdk,,Samuel Rapp,7/30/2019,949625,,
A027.jpg,1m96XpZja9OxBokSc8suJb0nNtBnKeX37,https://drive.google.com/a/ucsc.edu/file/d/1m96XpZja9OxBokSc8suJb0nNtBnKeX37/view?usp=drivesdk,,Samuel Rapp,7/30/2019,244430,,
A028.jpg,1xRmudLoNa9DeNpNKhkyOLir2dWS52_Nh,https://drive.google.com/a/ucsc.edu/file/d/1xRmudLoNa9DeNpNKhkyOLir2dWS52_Nh/view?usp=drivesdk,,Samuel Rapp,7/30/2019,448735,,
A029.jpg,1B94a64dPTzXPwWCcTsSM5TkemNE1PIyM,https://drive.google.com/a/ucsc.edu/file/d/1B94a64dPTzXPwWCcTsSM5TkemNE1PIyM/view?usp=drivesdk,,Samuel Rapp,7/30/2019,287404,,
A030.jpg,1tj2pIDf9f3snJ4hidmMwuo2uS5s24CpG,https://drive.google.com/a/ucsc.edu/file/d/1tj2pIDf9f3snJ4hidmMwuo2uS5s24CpG/view?usp=drivesdk,,Samuel Rapp,7/30/2019,753226,,
A031.jpg,1HQ584xLAgm3MrDRPbiGgAxXST88Sdy3V,https://drive.google.com/a/ucsc.edu/file/d/1HQ584xLAgm3MrDRPbiGgAxXST88Sdy3V/view?usp=drivesdk,,Samuel Rapp,7/30/2019,536116,,
A032.jpg,16Sa42tF1BDBGHOf0fUjE_SKaXblvQHV-,https://drive.google.com/a/ucsc.edu/file/d/16Sa42tF1BDBGHOf0fUjE_SKaXblvQHV-/view?usp=drivesdk,,Samuel Rapp,7/30/2019,382071,,
A033.jpg,10JGmG5gZe1AfW_jckKtZRt9G3xAdMK_M,https://drive.google.com/a/ucsc.edu/file/d/10JGmG5gZe1AfW_jckKtZRt9G3xAdMK_M/view?usp=drivesdk,,Samuel Rapp,7/30/2019,255216,,
A034.jpg,12SjzHy3W-YivLRApXp8KNfYno317Nxa3,https://drive.google.com/a/ucsc.edu/file/d/12SjzHy3W-YivLRApXp8KNfYno317Nxa3/view?usp=drivesdk,,Samuel Rapp,7/30/2019,476430,,
A035.jpg,1j2mIekd0zGdRgRiatSsGn0RENVmrppHp,https://drive.google.com/a/ucsc.edu/file/d/1j2mIekd0zGdRgRiatSsGn0RENVmrppHp/view?usp=drivesdk,,Samuel Rapp,7/30/2019,456044,,
A036.jpg,1rzbqXDKgnwyWNVBSCnLBzmt26h9VbN5r,https://drive.google.com/a/ucsc.edu/file/d/1rzbqXDKgnwyWNVBSCnLBzmt26h9VbN5r/view?usp=drivesdk,,Samuel Rapp,7/30/2019,557505,,
A037.jpg,11NNz6feYYsMyWYGFGmHzK8riGbrrvLq_,https://drive.google.com/a/ucsc.edu/file/d/11NNz6feYYsMyWYGFGmHzK8riGbrrvLq_/view?usp=drivesdk,,Samuel Rapp,7/30/2019,575857,,
A038.jpg,17B8j5_rxjsnoqe8qCJx4wAEwH1IjOMe6,https://drive.google.com/a/ucsc.edu/file/d/17B8j5_rxjsnoqe8qCJx4wAEwH1IjOMe6/view?usp=drivesdk,,Samuel Rapp,7/30/2019,786708,,
A039.jpg,1QXaRGv3aNiKr3CnR1bzAT5g9LO3Zd02l,https://drive.google.com/a/ucsc.edu/file/d/1QXaRGv3aNiKr3CnR1bzAT5g9LO3Zd02l/view?usp=drivesdk,,Samuel Rapp,7/30/2019,2309301,,
A040.jpg,192H3s-YtG3K7QOQY7PIG_K__Pn9SUYuL,https://drive.google.com/a/ucsc.edu/file/d/192H3s-YtG3K7QOQY7PIG_K__Pn9SUYuL/view?usp=drivesdk,,Samuel Rapp,7/30/2019,252820,,
A041.jpg,1c6AlASJgl6p5bkuzrWzf-enCSuDLS26q,https://drive.google.com/a/ucsc.edu/file/d/1c6AlASJgl6p5bkuzrWzf-enCSuDLS26q/view?usp=drivesdk,,Samuel Rapp,7/30/2019,1203914,,
A042.jpg,1T5Ut7i71IhPkARXFpKezZ0Rx3ZFcDpRx,https://drive.google.com/a/ucsc.edu/file/d/1T5Ut7i71IhPkARXFpKezZ0Rx3ZFcDpRx/view?usp=drivesdk,,Samuel Rapp,7/30/2019,771084,,
A043.jpg,1OQGuzJd9sKZHD6exAMp8PeHkt0mvQZ-N,https://drive.google.com/a/ucsc.edu/file/d/1OQGuzJd9sKZHD6exAMp8PeHkt0mvQZ-N/view?usp=drivesdk,,Samuel Rapp,7/30/2019,788144,,
A044.jpg,1edkDn2n6rb2cRFZWtf_oAmkLl20DnI4K,https://drive.google.com/a/ucsc.edu/file/d/1edkDn2n6rb2cRFZWtf_oAmkLl20DnI4K/view?usp=drivesdk,,Samuel Rapp,7/30/2019,710787,,
A045.jpg,1CpM1IPBYdjMwTvfvKQzsGcPs9nY8TaHD,https://drive.google.com/a/ucsc.edu/file/d/1CpM1IPBYdjMwTvfvKQzsGcPs9nY8TaHD/view?usp=drivesdk,,Samuel Rapp,7/30/2019,340306,,
A046.jpg,189-fXhg2qoTwlkMy7XUHOVSfcuxJEbyx,https://drive.google.com/a/ucsc.edu/file/d/189-fXhg2qoTwlkMy7XUHOVSfcuxJEbyx/view?usp=drivesdk,,Samuel Rapp,7/30/2019,284013,,
A047.jpg,1MeE_Q5TSMGgboIzGhSKlKifDEAG072cg,https://drive.google.com/a/ucsc.edu/file/d/1MeE_Q5TSMGgboIzGhSKlKifDEAG072cg/view?usp=drivesdk,,Samuel Rapp,7/30/2019,277723,,
A048.jpg,1tzwAOWJ4Gy9JK274rUU-yH1Tr9XisZ3-,https://drive.google.com/a/ucsc.edu/file/d/1tzwAOWJ4Gy9JK274rUU-yH1Tr9XisZ3-/view?usp=drivesdk,,Samuel Rapp,7/30/2019,531087,,
A049.jpg,1Ykd-vIqPT2ajqcoH5Xb6XSzMiViE3fzq,https://drive.google.com/a/ucsc.edu/file/d/1Ykd-vIqPT2ajqcoH5Xb6XSzMiViE3fzq/view?usp=drivesdk,,Samuel Rapp,7/30/2019,278333,,
A050.jpg,1E1NJS6rCkTCqf2ztAwhybnNaF-E4CGpv,https://drive.google.com/a/ucsc.edu/file/d/1E1NJS6rCkTCqf2ztAwhybnNaF-E4CGpv/view?usp=drivesdk,,Samuel Rapp,7/30/2019,2669603,,
A051.jpg,17JMlUgZIdL-c_pE7S6kQuNIhf3OZYR3w,https://drive.google.com/a/ucsc.edu/file/d/17JMlUgZIdL-c_pE7S6kQuNIhf3OZYR3w/view?usp=drivesdk,,Samuel Rapp,7/30/2019,219651,,
A052.jpg,18c8Nv_l0LNdxjw4WGMPSRRyn_cvUsJRr,https://drive.google.com/a/ucsc.edu/file/d/18c8Nv_l0LNdxjw4WGMPSRRyn_cvUsJRr/view?usp=drivesdk,,Samuel Rapp,7/30/2019,389589,,
A053.jpg,1guzPlv86LtF0ToiStXNSlb3GaivmzY3E,https://drive.google.com/a/ucsc.edu/file/d/1guzPlv86LtF0ToiStXNSlb3GaivmzY3E/view?usp=drivesdk,,Samuel Rapp,7/30/2019,249571,,
A054.jpg,1xuZbrX2xWst0pM03seWBORVrqL3x7sDW,https://drive.google.com/a/ucsc.edu/file/d/1xuZbrX2xWst0pM03seWBORVrqL3x7sDW/view?usp=drivesdk,,Samuel Rapp,7/30/2019,462697,,
A055.jpg,1SUJIwJaHeD9awBWmFZ0Sr1aTgVuTaDdp,https://drive.google.com/a/ucsc.edu/file/d/1SUJIwJaHeD9awBWmFZ0Sr1aTgVuTaDdp/view?usp=drivesdk,,Samuel Rapp,7/30/2019,347063,,
A056.jpg,1-8GTynOCC4gCTcxpMoIjfewEh5464qMG,https://drive.google.com/a/ucsc.edu/file/d/1-8GTynOCC4gCTcxpMoIjfewEh5464qMG/view?usp=drivesdk,,Samuel Rapp,7/30/2019,641282,,
A057.jpg,13ZJuODxd83C-RS6Ycnj6jXJkNYosKo6W,https://drive.google.com/a/ucsc.edu/file/d/13ZJuODxd83C-RS6Ycnj6jXJkNYosKo6W/view?usp=drivesdk,,Samuel Rapp,7/30/2019,903964,,
A058.jpg,18yQJNXU7Ant8JbJrAxQrihq5q4K5iyaG,https://drive.google.com/a/ucsc.edu/file/d/18yQJNXU7Ant8JbJrAxQrihq5q4K5iyaG/view?usp=drivesdk,,Samuel Rapp,7/30/2019,482687,,
A059.jpg,1AWK19UmAI36K-EOcqtkrfmxfmSEegRNk,https://drive.google.com/a/ucsc.edu/file/d/1AWK19UmAI36K-EOcqtkrfmxfmSEegRNk/view?usp=drivesdk,,Samuel Rapp,7/30/2019,880371,,
A060.jpg,1pfxVN0L5KLmnmRFW34WuP0Bwkr_BRsLL,https://drive.google.com/a/ucsc.edu/file/d/1pfxVN0L5KLmnmRFW34WuP0Bwkr_BRsLL/view?usp=drivesdk,,Samuel Rapp,7/30/2019,1146821,,
A061.jpg,1MVBZrrSK8vESiAFHpAgVHLiBruhPtKcV,https://drive.google.com/a/ucsc.edu/file/d/1MVBZrrSK8vESiAFHpAgVHLiBruhPtKcV/view?usp=drivesdk,,Samuel Rapp,7/30/2019,1495702,,
A062.jpg,1CApMapjVB9FinCqwq91XkCPDTUWvIw91,https://drive.google.com/a/ucsc.edu/file/d/1CApMapjVB9FinCqwq91XkCPDTUWvIw91/view?usp=drivesdk,,Samuel Rapp,7/30/2019,941061,,
A063.jpg,1cd1wAF9oOWe_CtKX9jhHjHeFuo5VKuWs,https://drive.google.com/a/ucsc.edu/file/d/1cd1wAF9oOWe_CtKX9jhHjHeFuo5VKuWs/view?usp=drivesdk,,Samuel Rapp,7/30/2019,2569534,,
A064.jpg,1gfRhC2oK2B7H51OIx-nsYgB1QT6z6ufs,https://drive.google.com/a/ucsc.edu/file/d/1gfRhC2oK2B7H51OIx-nsYgB1QT6z6ufs/view?usp=drivesdk,,Samuel Rapp,7/30/2019,4142087,,
A065.jpg,1pZUstLgyvaAkK-egtMkEGYXslPAWtQmd,https://drive.google.com/a/ucsc.edu/file/d/1pZUstLgyvaAkK-egtMkEGYXslPAWtQmd/view?usp=drivesdk,,Samuel Rapp,7/30/2019,397500,,
A066.jpg,1naczNu-39j0znHCecrj8ku5oN_ujYXeU,https://drive.google.com/a/ucsc.edu/file/d/1naczNu-39j0znHCecrj8ku5oN_ujYXeU/view?usp=drivesdk,,Samuel Rapp,7/30/2019,4508166,,
A067.jpg,1RSaL4c29iAVmdFbg8mtiRukz_4_ImOA8,https://drive.google.com/a/ucsc.edu/file/d/1RSaL4c29iAVmdFbg8mtiRukz_4_ImOA8/view?usp=drivesdk,,Samuel Rapp,7/30/2019,345855,,
A068.jpg,188uh_klOaoQpxP9l8heYB7gRkNIjFLFG,https://drive.google.com/a/ucsc.edu/file/d/188uh_klOaoQpxP9l8heYB7gRkNIjFLFG/view?usp=drivesdk,,Samuel Rapp,7/30/2019,258346,,
A069.jpg,1SIF6iVhy9c2d-mGvh1L7dpxm2HkuHGS9,https://drive.google.com/a/ucsc.edu/file/d/1SIF6iVhy9c2d-mGvh1L7dpxm2HkuHGS9/view?usp=drivesdk,,Samuel Rapp,7/30/2019,328681,,
A070.jpg,1DzF3xO7PXKwhm0uIcAhfSqG3jHkT05Oo,https://drive.google.com/a/ucsc.edu/file/d/1DzF3xO7PXKwhm0uIcAhfSqG3jHkT05Oo/view?usp=drivesdk,,Samuel Rapp,7/30/2019,531167,,
A071.jpg,1PvmGi8RArOrse11hv7p-Is360FH0xl3u,https://drive.google.com/a/ucsc.edu/file/d/1PvmGi8RArOrse11hv7p-Is360FH0xl3u/view?usp=drivesdk,,Samuel Rapp,7/30/2019,420003,,
A072.jpg,1_P0dK4BN7A1gih8ocLJe1lcTqrnjGZnY,https://drive.google.com/a/ucsc.edu/file/d/1_P0dK4BN7A1gih8ocLJe1lcTqrnjGZnY/view?usp=drivesdk,,Samuel Rapp,7/30/2019,354026,,
A073.jpg,1Q9Vxtb4pkvTaIK9hUTj_D8rOW1amk0NB,https://drive.google.com/a/ucsc.edu/file/d/1Q9Vxtb4pkvTaIK9hUTj_D8rOW1amk0NB/view?usp=drivesdk,,Samuel Rapp,7/30/2019,362952,,
A074.jpg,1nil38yb5i9VpEYn8evMT1GqeLLSsysEa,https://drive.google.com/a/ucsc.edu/file/d/1nil38yb5i9VpEYn8evMT1GqeLLSsysEa/view?usp=drivesdk,,Samuel Rapp,7/30/2019,440640,,
A075.jpg,1vEZDPLCxEnOG21j2bVyH9NZYJfeUPE2A,https://drive.google.com/a/ucsc.edu/file/d/1vEZDPLCxEnOG21j2bVyH9NZYJfeUPE2A/view?usp=drivesdk,,Samuel Rapp,7/30/2019,270297,,
A076.jpg,1AJCc4AS0D8q1iJ55SwHye30yiXO3Xj7P,https://drive.google.com/a/ucsc.edu/file/d/1AJCc4AS0D8q1iJ55SwHye30yiXO3Xj7P/view?usp=drivesdk,,Samuel Rapp,7/30/2019,315040,,
A077.jpg,1OmNCVcFZExS7VLA0TtpUib1IamKu27lI,https://drive.google.com/a/ucsc.edu/file/d/1OmNCVcFZExS7VLA0TtpUib1IamKu27lI/view?usp=drivesdk,,Samuel Rapp,7/30/2019,2132931,,
A078.jpg,1WdUVUFEzZgVOAT5h-f9cJzrtUusAYE0t,https://drive.google.com/a/ucsc.edu/file/d/1WdUVUFEzZgVOAT5h-f9cJzrtUusAYE0t/view?usp=drivesdk,,Samuel Rapp,7/30/2019,225493,,
A079.jpg,1UYb0rlCM6zBYJi_shjQVWsbCQ9xkIWUv,https://drive.google.com/a/ucsc.edu/file/d/1UYb0rlCM6zBYJi_shjQVWsbCQ9xkIWUv/view?usp=drivesdk,,Samuel Rapp,7/30/2019,1110220,,
A080.jpg,1A9yG55mZGoMspqPRZOc4VV0W6lNcVvSn,https://drive.google.com/a/ucsc.edu/file/d/1A9yG55mZGoMspqPRZOc4VV0W6lNcVvSn/view?usp=drivesdk,,Samuel Rapp,7/30/2019,1065228,,
A081.jpg,1hGgFDXY23Lyvo-4FZYmEblVKouPP-XAw,https://drive.google.com/a/ucsc.edu/file/d/1hGgFDXY23Lyvo-4FZYmEblVKouPP-XAw/view?usp=drivesdk,,Samuel Rapp,7/30/2019,297080,,
A082.jpg,1YqtHB_YrkcaAWtmBK_V9P0m2fmRPH5b2,https://drive.google.com/a/ucsc.edu/file/d/1YqtHB_YrkcaAWtmBK_V9P0m2fmRPH5b2/view?usp=drivesdk,,Samuel Rapp,7/30/2019,280502,,
A083.jpg,13gjmXztnJ8xCeKX8CnOl1_spzafOHNxQ,https://drive.google.com/a/ucsc.edu/file/d/13gjmXztnJ8xCeKX8CnOl1_spzafOHNxQ/view?usp=drivesdk,,Samuel Rapp,7/30/2019,305934,,
A084.jpg,15cY2rhjXTD4S_qt_o1CqX3-cEoW-ARLe,https://drive.google.com/a/ucsc.edu/file/d/15cY2rhjXTD4S_qt_o1CqX3-cEoW-ARLe/view?usp=drivesdk,,Samuel Rapp,7/30/2019,273121,,
A085.jpg,19leec9Mn1fB9rTzz_nt2LxVJHOPNVpgH,https://drive.google.com/a/ucsc.edu/file/d/19leec9Mn1fB9rTzz_nt2LxVJHOPNVpgH/view?usp=drivesdk,,Samuel Rapp,7/30/2019,317110,,
A086.jpg,1Rvf2utlRgfSKRIKfk7yM9pigB-bGWye9,https://drive.google.com/a/ucsc.edu/file/d/1Rvf2utlRgfSKRIKfk7yM9pigB-bGWye9/view?usp=drivesdk,,Samuel Rapp,7/30/2019,331553,,
A087.jpg,1tvcjCtjftBTjzmG7RjGELh0RZ67qmdXc,https://drive.google.com/a/ucsc.edu/file/d/1tvcjCtjftBTjzmG7RjGELh0RZ67qmdXc/view?usp=drivesdk,,Samuel Rapp,7/30/2019,264047,,
A088.jpg,1odsXIwnYPzPMEiA0IcV08WnqsYjDUGVv,https://drive.google.com/a/ucsc.edu/file/d/1odsXIwnYPzPMEiA0IcV08WnqsYjDUGVv/view?usp=drivesdk,,Samuel Rapp,7/30/2019,255847,,
A089.jpg,1fysMyoCfNdLaHeX3CD6kNR4cm6CE1xtY,https://drive.google.com/a/ucsc.edu/file/d/1fysMyoCfNdLaHeX3CD6kNR4cm6CE1xtY/view?usp=drivesdk,,Samuel Rapp,7/30/2019,2446779,,
A090.jpg,1Rk1gdA7tOnwcZUUr4Jp4LwLg7anbEt2E,https://drive.google.com/a/ucsc.edu/file/d/1Rk1gdA7tOnwcZUUr4Jp4LwLg7anbEt2E/view?usp=drivesdk,,Samuel Rapp,7/30/2019,1182483,,
A091.jpg,1EpmOcjfyH1bhB2AwJfOyHWZN4-IMPXe6,https://drive.google.com/a/ucsc.edu/file/d/1EpmOcjfyH1bhB2AwJfOyHWZN4-IMPXe6/view?usp=drivesdk,,Samuel Rapp,7/30/2019,1759308,,
A092.jpg,1qSi4LxGxWGM19yzSwjcEfidt4nCZ3T3-,https://drive.google.com/a/ucsc.edu/file/d/1qSi4LxGxWGM19yzSwjcEfidt4nCZ3T3-/view?usp=drivesdk,,Samuel Rapp,7/30/2019,450115,,
A093.jpg,1JrRc68msYDgYDzgppND0IDnKx36Vcl9f,https://drive.google.com/a/ucsc.edu/file/d/1JrRc68msYDgYDzgppND0IDnKx36Vcl9f/view?usp=drivesdk,,Samuel Rapp,7/30/2019,347304,,
A094.jpg,1TgVjI-6gFQDKmFwQo42OLRQblMQWtEuU,https://drive.google.com/a/ucsc.edu/file/d/1TgVjI-6gFQDKmFwQo42OLRQblMQWtEuU/view?usp=drivesdk,,Samuel Rapp,7/30/2019,254683,,
A095.jpg,1myM4STaMC9xmJB_abRijKpmREuGLcA2N,https://drive.google.com/a/ucsc.edu/file/d/1myM4STaMC9xmJB_abRijKpmREuGLcA2N/view?usp=drivesdk,,Samuel Rapp,7/30/2019,623464,,
A096.jpg,1UW9FFZHubTmgYF92jPlqUk4Df0TFsyZn,https://drive.google.com/a/ucsc.edu/file/d/1UW9FFZHubTmgYF92jPlqUk4Df0TFsyZn/view?usp=drivesdk,,Samuel Rapp,7/30/2019,1939774,,
A097.jpg,1GBl_25iX2GZ-tqe_vymvxP3ctIXB9QtH,https://drive.google.com/a/ucsc.edu/file/d/1GBl_25iX2GZ-tqe_vymvxP3ctIXB9QtH/view?usp=drivesdk,,Samuel Rapp,7/30/2019,152162,,
A098.jpg,1OX8KsJXkGrNAiobL0oMAUmT8cAcEgyGR,https://drive.google.com/a/ucsc.edu/file/d/1OX8KsJXkGrNAiobL0oMAUmT8cAcEgyGR/view?usp=drivesdk,,Samuel Rapp,7/30/2019,278865,,
A099.jpg,1Gdns6AUulQ38Z9hfbOrngSyrnTkilGJd,https://drive.google.com/a/ucsc.edu/file/d/1Gdns6AUulQ38Z9hfbOrngSyrnTkilGJd/view?usp=drivesdk,,Samuel Rapp,7/30/2019,4735037,,
A100.jpg,1AYag8Etsy_fJENmoS2AlNyT6gLMofiD9,https://drive.google.com/a/ucsc.edu/file/d/1AYag8Etsy_fJENmoS2AlNyT6gLMofiD9/view?usp=drivesdk,,Samuel Rapp,7/30/2019,386358,,
A101.jpg,1fXS0Bhd_lzCewAFTJCBZiif733Sd2e_G,https://drive.google.com/a/ucsc.edu/file/d/1fXS0Bhd_lzCewAFTJCBZiif733Sd2e_G/view?usp=drivesdk,,Samuel Rapp,7/30/2019,395144,,
A102.jpg,11IRzNrcvtjQ6UlViJc_spIQTaVJwsKNj,https://drive.google.com/a/ucsc.edu/file/d/11IRzNrcvtjQ6UlViJc_spIQTaVJwsKNj/view?usp=drivesdk,,Samuel Rapp,7/30/2019,1629528,,
A103.jpg,1Ksp392ImzKeiK6ROtHKyKPHndr7Q4J1k,https://drive.google.com/a/ucsc.edu/file/d/1Ksp392ImzKeiK6ROtHKyKPHndr7Q4J1k/view?usp=drivesdk,,Samuel Rapp,7/30/2019,1961104,,
A104.jpg,1r6QwbbaSFSzAtpMb4Lgkd1cdS2dI_uBV,https://drive.google.com/a/ucsc.edu/file/d/1r6QwbbaSFSzAtpMb4Lgkd1cdS2dI_uBV/view?usp=drivesdk,,Samuel Rapp,7/30/2019,2353841,,
A105.jpg,1iNaNAZeOiBWhqZ4GHidfe0Ym45Cydcpi,https://drive.google.com/a/ucsc.edu/file/d/1iNaNAZeOiBWhqZ4GHidfe0Ym45Cydcpi/view?usp=drivesdk,,Samuel Rapp,7/30/2019,360601,,
A106.jpg,1TghRgqjzW_AqGwVLdo54Fr1pq8BzRv33,https://drive.google.com/a/ucsc.edu/file/d/1TghRgqjzW_AqGwVLdo54Fr1pq8BzRv33/view?usp=drivesdk,,Samuel Rapp,7/30/2019,296492,,
A107.jpg,1V-wayln-IGQOOO2SXDr1CIFWsRXVtwNN,https://drive.google.com/a/ucsc.edu/file/d/1V-wayln-IGQOOO2SXDr1CIFWsRXVtwNN/view?usp=drivesdk,,Samuel Rapp,7/30/2019,1561629,,
A108.jpg,1uXCUu3Gca5Y77LgR0_s4VJUUkDfcr5rK,https://drive.google.com/a/ucsc.edu/file/d/1uXCUu3Gca5Y77LgR0_s4VJUUkDfcr5rK/view?usp=drivesdk,,Samuel Rapp,7/30/2019,393036,,
A109.jpg,1KkMJsBWWEPZ2UwD2-YlX8bvIs5n6IrxZ,https://drive.google.com/a/ucsc.edu/file/d/1KkMJsBWWEPZ2UwD2-YlX8bvIs5n6IrxZ/view?usp=drivesdk,,Samuel Rapp,7/30/2019,196756,,
A110.jpg,1dMI4ytVXGv0CRPcwTbyRGHwKgV2zwuFf,https://drive.google.com/a/ucsc.edu/file/d/1dMI4ytVXGv0CRPcwTbyRGHwKgV2zwuFf/view?usp=drivesdk,,Samuel Rapp,7/30/2019,376552,,
A111.jpg,1ZrsIi1_UO38__XbfkT807B_864sP1D5t,https://drive.google.com/a/ucsc.edu/file/d/1ZrsIi1_UO38__XbfkT807B_864sP1D5t/view?usp=drivesdk,,Samuel Rapp,7/30/2019,2034629,,
A112.jpg,17HVRkCYVLAaU80EDF79FND_ch3CZ9TnZ,https://drive.google.com/a/ucsc.edu/file/d/17HVRkCYVLAaU80EDF79FND_ch3CZ9TnZ/view?usp=drivesdk,,Samuel Rapp,7/30/2019,283637,,
A113.jpg,1kjQWOrCmc15ce-tEDwqrzgYcxU-ZTv4A,https://drive.google.com/a/ucsc.edu/file/d/1kjQWOrCmc15ce-tEDwqrzgYcxU-ZTv4A/view?usp=drivesdk,,Samuel Rapp,7/30/2019,270120,,
A114.jpg,14sJTyEF3YnWz2m8rBPLPCfQ7GKiiStTk,https://drive.google.com/a/ucsc.edu/file/d/14sJTyEF3YnWz2m8rBPLPCfQ7GKiiStTk/view?usp=drivesdk,,Samuel Rapp,7/30/2019,219729,,
A115.jpg,1Brcv4JhLjwTUN8ycs9Z6KhKm4sJusAbV,https://drive.google.com/a/ucsc.edu/file/d/1Brcv4JhLjwTUN8ycs9Z6KhKm4sJusAbV/view?usp=drivesdk,,Samuel Rapp,7/30/2019,433320,,
A116.jpg,1S_d07qC1bJW2kpDZVUzuMiUUqAjXWKZd,https://drive.google.com/a/ucsc.edu/file/d/1S_d07qC1bJW2kpDZVUzuMiUUqAjXWKZd/view?usp=drivesdk,,Samuel Rapp,7/30/2019,244397,,
A117.jpg,1X1ne4JYbvPghGHJepdq7BCWVZc2hSBfC,https://drive.google.com/a/ucsc.edu/file/d/1X1ne4JYbvPghGHJepdq7BCWVZc2hSBfC/view?usp=drivesdk,,Samuel Rapp,7/30/2019,264172,,
A118.jpg,1qiu-WyoJjNQgBg9mHLhps364UluyVoRu,https://drive.google.com/a/ucsc.edu/file/d/1qiu-WyoJjNQgBg9mHLhps364UluyVoRu/view?usp=drivesdk,,Samuel Rapp,7/30/2019,206545,,
A119.jpg,1PiWo_zkjxJjAbkIpVd7MomHFCzjz5QrI,https://drive.google.com/a/ucsc.edu/file/d/1PiWo_zkjxJjAbkIpVd7MomHFCzjz5QrI/view?usp=drivesdk,,Samuel Rapp,7/30/2019,148449,,
A120.jpg,1HT1U5SDqY-La0fSt_eFfy2XTnb6VgqPY,https://drive.google.com/a/ucsc.edu/file/d/1HT1U5SDqY-La0fSt_eFfy2XTnb6VgqPY/view?usp=drivesdk,,Samuel Rapp,7/30/2019,412669,,
A121.jpg,1-z_m7Rn1EvqhCfFWgmLkqNp3Ueaq2_Cy,https://drive.google.com/a/ucsc.edu/file/d/1-z_m7Rn1EvqhCfFWgmLkqNp3Ueaq2_Cy/view?usp=drivesdk,,Samuel Rapp,7/30/2019,216462,,
A122.jpg,1bzdJUK5Sxc3SvMgL_nsMkBp3jvhvWRlk,https://drive.google.com/a/ucsc.edu/file/d/1bzdJUK5Sxc3SvMgL_nsMkBp3jvhvWRlk/view?usp=drivesdk,,Samuel Rapp,7/30/2019,749611,,
A123.jpg,1w3Fgz84qZ3k2FTcPj8uw9xv4Z05HGqPW,https://drive.google.com/a/ucsc.edu/file/d/1w3Fgz84qZ3k2FTcPj8uw9xv4Z05HGqPW/view?usp=drivesdk,,Samuel Rapp,7/30/2019,335397,,
A124.jpg,13BlnD6jwCy_q_DXHerD3fHawS1eKChmJ,https://drive.google.com/a/ucsc.edu/file/d/13BlnD6jwCy_q_DXHerD3fHawS1eKChmJ/view?usp=drivesdk,,Samuel Rapp,7/30/2019,258189,,
A125.jpg,1yBa7FWB4EELgx5kkO-DaVvclqVQ6eGDM,https://drive.google.com/a/ucsc.edu/file/d/1yBa7FWB4EELgx5kkO-DaVvclqVQ6eGDM/view?usp=drivesdk,,Samuel Rapp,7/30/2019,338931,,
A126.jpg,1lMtn8_9EYg0SbaihFAaD8BxO9CasRLWY,https://drive.google.com/a/ucsc.edu/file/d/1lMtn8_9EYg0SbaihFAaD8BxO9CasRLWY/view?usp=drivesdk,,Samuel Rapp,7/30/2019,476879,,
A127.jpg,1VOQvHEi7q7x9YzlwkrmgbkdFE2YkRArf,https://drive.google.com/a/ucsc.edu/file/d/1VOQvHEi7q7x9YzlwkrmgbkdFE2YkRArf/view?usp=drivesdk,,Samuel Rapp,7/30/2019,1946303,,
A128.jpg,1A276st68Ur0t3qX826oIHISlQa8-YjEB,https://drive.google.com/a/ucsc.edu/file/d/1A276st68Ur0t3qX826oIHISlQa8-YjEB/view?usp=drivesdk,,Samuel Rapp,7/30/2019,537647,,
A129.jpg,1Ibk4V9OaDRtLH7J1vRqQXuMM3BwHF2X5,https://drive.google.com/a/ucsc.edu/file/d/1Ibk4V9OaDRtLH7J1vRqQXuMM3BwHF2X5/view?usp=drivesdk,,Samuel Rapp,7/30/2019,245172,,
A130.jpg,1rX0ZTqeUCez-bnZRUhd6-ZLj_8gzuYWX,https://drive.google.com/a/ucsc.edu/file/d/1rX0ZTqeUCez-bnZRUhd6-ZLj_8gzuYWX/view?usp=drivesdk,,Samuel Rapp,7/30/2019,239968,,
A131.jpg,1cmnxBw5i1Rit3o-5L2_xV69WYAkjz5Nq,https://drive.google.com/a/ucsc.edu/file/d/1cmnxBw5i1Rit3o-5L2_xV69WYAkjz5Nq/view?usp=drivesdk,,Samuel Rapp,7/30/2019,342266,,
A132.jpg,1heQIOdww1RqNIgoWceJhPDYn8TzUYC3l,https://drive.google.com/a/ucsc.edu/file/d/1heQIOdww1RqNIgoWceJhPDYn8TzUYC3l/view?usp=drivesdk,,Samuel Rapp,7/30/2019,1008781,,
A133.jpg,1KqX4Kadwd31mnu3pfy8muGRC1nIn0l14,https://drive.google.com/a/ucsc.edu/file/d/1KqX4Kadwd31mnu3pfy8muGRC1nIn0l14/view?usp=drivesdk,,Samuel Rapp,7/30/2019,1248518,,
A134.jpg,1WlMk253RJcN5N_MMYWcJ5hHB6Zy5DfzF,https://drive.google.com/a/ucsc.edu/file/d/1WlMk253RJcN5N_MMYWcJ5hHB6Zy5DfzF/view?usp=drivesdk,,Samuel Rapp,7/30/2019,411989,,
A135.jpg,1_bdYXMsBH3MEo2X70YBQaXgIy74GY3LN,https://drive.google.com/a/ucsc.edu/file/d/1_bdYXMsBH3MEo2X70YBQaXgIy74GY3LN/view?usp=drivesdk,,Samuel Rapp,7/30/2019,407710,,
A136.jpg,1x8LaGfbaePpnezcvqaKNeC911fPBj7L_,https://drive.google.com/a/ucsc.edu/file/d/1x8LaGfbaePpnezcvqaKNeC911fPBj7L_/view?usp=drivesdk,,Samuel Rapp,7/30/2019,502986,,
A137.jpg,1Jp7XduXwBgcWl2gT2ELp-tyak07_wEXF,https://drive.google.com/a/ucsc.edu/file/d/1Jp7XduXwBgcWl2gT2ELp-tyak07_wEXF/view?usp=drivesdk,,Samuel Rapp,7/30/2019,1627171,,
B001.jpg,1WcLZIRM4naLyHosp_5_gMcPtRVXcyNwG,https://drive.google.com/a/ucsc.edu/file/d/1WcLZIRM4naLyHosp_5_gMcPtRVXcyNwG/view?usp=drivesdk,,Samuel Rapp,7/30/2019,475970,,
B002.jpg,1DcoMAdIHLKMTBa6dflczt8xPzHylN5vr,https://drive.google.com/a/ucsc.edu/file/d/1DcoMAdIHLKMTBa6dflczt8xPzHylN5vr/view?usp=drivesdk,,Samuel Rapp,7/30/2019,827084,,
B003.jpg,1n0la-tgNzyrF1kbCkuBJm_TKdBaZJ9VB,https://drive.google.com/a/ucsc.edu/file/d/1n0la-tgNzyrF1kbCkuBJm_TKdBaZJ9VB/view?usp=drivesdk,,Samuel Rapp,7/30/2019,425648,,
B004.jpg,1Cwk9dDQjOEfKfCq0X_IA8cbdRJU385kR,https://drive.google.com/a/ucsc.edu/file/d/1Cwk9dDQjOEfKfCq0X_IA8cbdRJU385kR/view?usp=drivesdk,,Samuel Rapp,7/30/2019,387015,,
B005.jpg,1nV08WYNAhlrAks5ol1dXt0Bm2HT17SG5,https://drive.google.com/a/ucsc.edu/file/d/1nV08WYNAhlrAks5ol1dXt0Bm2HT17SG5/view?usp=drivesdk,,Samuel Rapp,7/30/2019,452871,,
B006.jpg,1yw8kM8ii1YYudurO7vKhVpLKc2nTAfct,https://drive.google.com/a/ucsc.edu/file/d/1yw8kM8ii1YYudurO7vKhVpLKc2nTAfct/view?usp=drivesdk,,Samuel Rapp,7/30/2019,211941,,
B007.jpg,1dE1Z_lJZyWmNLUfrB7nRIZkcmZazVSSB,https://drive.google.com/a/ucsc.edu/file/d/1dE1Z_lJZyWmNLUfrB7nRIZkcmZazVSSB/view?usp=drivesdk,,Samuel Rapp,7/30/2019,196849,,
B008.jpg,1LcEoviVdS7Py5bQzK3BAyEfAj92vH7_4,https://drive.google.com/a/ucsc.edu/file/d/1LcEoviVdS7Py5bQzK3BAyEfAj92vH7_4/view?usp=drivesdk,,Samuel Rapp,7/30/2019,430950,,
B009.jpg,1HIwfr-K0QXj4WX2kznhHSit3V3JtBE39,https://drive.google.com/a/ucsc.edu/file/d/1HIwfr-K0QXj4WX2kznhHSit3V3JtBE39/view?usp=drivesdk,,Samuel Rapp,7/30/2019,550779,,
B010.jpg,15XJHUH5MLSoIyxdh2pY-iKuhWSaPdiuF,https://drive.google.com/a/ucsc.edu/file/d/15XJHUH5MLSoIyxdh2pY-iKuhWSaPdiuF/view?usp=drivesdk,,Samuel Rapp,7/30/2019,433465,,
B011.jpg,1plPYrspaMbabDywOiXVebHF2ky03tEv5,https://drive.google.com/a/ucsc.edu/file/d/1plPYrspaMbabDywOiXVebHF2ky03tEv5/view?usp=drivesdk,,Samuel Rapp,7/30/2019,474633,,
B012.jpg,1O-b87FVnzTlcHaOsVGQKrIqHBnkptlUB,https://drive.google.com/a/ucsc.edu/file/d/1O-b87FVnzTlcHaOsVGQKrIqHBnkptlUB/view?usp=drivesdk,,Samuel Rapp,7/30/2019,761843,,
B013.jpg,1EemRSW9jwUPB2yJ1_aEQYPqDpvhp3GKX,https://drive.google.com/a/ucsc.edu/file/d/1EemRSW9jwUPB2yJ1_aEQYPqDpvhp3GKX/view?usp=drivesdk,,Samuel Rapp,7/30/2019,325461,,
B014.jpg,1PrNRLCB-NniVgpyQPx4xiw3_J_gN18Ts,https://drive.google.com/a/ucsc.edu/file/d/1PrNRLCB-NniVgpyQPx4xiw3_J_gN18Ts/view?usp=drivesdk,,Samuel Rapp,7/30/2019,265275,,
B015.jpg,1CRyHvrYYiqnPBEcDWWePi57AS2-304RN,https://drive.google.com/a/ucsc.edu/file/d/1CRyHvrYYiqnPBEcDWWePi57AS2-304RN/view?usp=drivesdk,,Samuel Rapp,7/30/2019,275352,,
B016.jpg,1-ICMB9k6bV2rLO9mGSFAKvbxk__YboIu,https://drive.google.com/a/ucsc.edu/file/d/1-ICMB9k6bV2rLO9mGSFAKvbxk__YboIu/view?usp=drivesdk,,Samuel Rapp,7/30/2019,256096,,
B017.jpg,1oweUSfXSjXo4xUvgJE4zd6uyhNYpGcvm,https://drive.google.com/a/ucsc.edu/file/d/1oweUSfXSjXo4xUvgJE4zd6uyhNYpGcvm/view?usp=drivesdk,,Samuel Rapp,7/30/2019,338135,,
B018.jpg,1GAzqbTr4RmRt9Q-tihpN5JIl1nPR3IPS,https://drive.google.com/a/ucsc.edu/file/d/1GAzqbTr4RmRt9Q-tihpN5JIl1nPR3IPS/view?usp=drivesdk,,Samuel Rapp,7/30/2019,567031,,
B019.jpg,1meuuRjTDV8XSk3UlxSbNIV5ITC6rhmhi,https://drive.google.com/a/ucsc.edu/file/d/1meuuRjTDV8XSk3UlxSbNIV5ITC6rhmhi/view?usp=drivesdk,,Samuel Rapp,7/30/2019,114606,,
B020.jpg,1OrY70Uz4QEl-C7h88qqZ6gg-KJg3S73E,https://drive.google.com/a/ucsc.edu/file/d/1OrY70Uz4QEl-C7h88qqZ6gg-KJg3S73E/view?usp=drivesdk,,Samuel Rapp,7/30/2019,229115,,
B021.jpg,1S23jQZuToSTBpfD0xImC6cJ1oAJ1ZURI,https://drive.google.com/a/ucsc.edu/file/d/1S23jQZuToSTBpfD0xImC6cJ1oAJ1ZURI/view?usp=drivesdk,,Samuel Rapp,7/30/2019,288033,,
B022.jpg,1RaIWnWmFFOkjjLh-zTDH5pSZHZ7d3eAl,https://drive.google.com/a/ucsc.edu/file/d/1RaIWnWmFFOkjjLh-zTDH5pSZHZ7d3eAl/view?usp=drivesdk,,Samuel Rapp,7/30/2019,249090,,
B023.jpg,1qHN2PULKg1yDrn71ERN9tmv-q8UALKga,https://drive.google.com/a/ucsc.edu/file/d/1qHN2PULKg1yDrn71ERN9tmv-q8UALKga/view?usp=drivesdk,,Samuel Rapp,7/30/2019,761515,,
B024.jpg,16Ejkk9TMWFtLi4zhUq5Ahwm-QT-E1THs,https://drive.google.com/a/ucsc.edu/file/d/16Ejkk9TMWFtLi4zhUq5Ahwm-QT-E1THs/view?usp=drivesdk,,Samuel Rapp,7/30/2019,1644178,,
B025.jpg,10gAE22IPA_yDM3f9NYHh2qGeVO9zErgj,https://drive.google.com/a/ucsc.edu/file/d/10gAE22IPA_yDM3f9NYHh2qGeVO9zErgj/view?usp=drivesdk,,Samuel Rapp,7/30/2019,781499,,
B026.jpg,1DU-Tx7GRgaQn-7kS_ioYzaHsyqE5zhuo,https://drive.google.com/a/ucsc.edu/file/d/1DU-Tx7GRgaQn-7kS_ioYzaHsyqE5zhuo/view?usp=drivesdk,,Samuel Rapp,7/30/2019,474194,,
B027.jpg,17SPGqf4BqyDURaGoNCwbfHLstCqomh0j,https://drive.google.com/a/ucsc.edu/file/d/17SPGqf4BqyDURaGoNCwbfHLstCqomh0j/view?usp=drivesdk,,Samuel Rapp,7/30/2019,344856,,
B028.jpg,1Odui-qrT25rqaTelsbQPCNkhGlWBCOiP,https://drive.google.com/a/ucsc.edu/file/d/1Odui-qrT25rqaTelsbQPCNkhGlWBCOiP/view?usp=drivesdk,,Samuel Rapp,7/30/2019,435965,,
B030.jpg,1XwgBbB5BPlVg75oKA-69Tf6piEeOz0EJ,https://drive.google.com/a/ucsc.edu/file/d/1XwgBbB5BPlVg75oKA-69Tf6piEeOz0EJ/view?usp=drivesdk,,Samuel Rapp,7/30/2019,677283,,
B031.jpg,1RwCX40pdGrj6jc1OZnKfkUt-9MmTmH_M,https://drive.google.com/a/ucsc.edu/file/d/1RwCX40pdGrj6jc1OZnKfkUt-9MmTmH_M/view?usp=drivesdk,,Samuel Rapp,7/30/2019,180148,,
B032.jpg,1-KTZu_gEyTjw4IEbfXHaqDDU2HnwSABU,https://drive.google.com/a/ucsc.edu/file/d/1-KTZu_gEyTjw4IEbfXHaqDDU2HnwSABU/view?usp=drivesdk,,Samuel Rapp,7/30/2019,215813,,
B033.jpg,1gV9V6_2lJQJ8B1f-ha7fl2cYfmiCEguA,https://drive.google.com/a/ucsc.edu/file/d/1gV9V6_2lJQJ8B1f-ha7fl2cYfmiCEguA/view?usp=drivesdk,,Samuel Rapp,7/30/2019,278921,,
B034.jpg,1hsVFDC3tvkIOmQA_hMSEaPBP2TsxMEIj,https://drive.google.com/a/ucsc.edu/file/d/1hsVFDC3tvkIOmQA_hMSEaPBP2TsxMEIj/view?usp=drivesdk,,Samuel Rapp,7/30/2019,345226,,
B035.jpg,1cms_ta4ksMs17sZXZpy-FqJ5Y4QhsdWA,https://drive.google.com/a/ucsc.edu/file/d/1cms_ta4ksMs17sZXZpy-FqJ5Y4QhsdWA/view?usp=drivesdk,,Samuel Rapp,7/30/2019,214526,,
B036.jpg,1qY-B4bMBgEywKQ-xAAPV6bHh7SZFnkfE,https://drive.google.com/a/ucsc.edu/file/d/1qY-B4bMBgEywKQ-xAAPV6bHh7SZFnkfE/view?usp=drivesdk,,Samuel Rapp,7/30/2019,301688,,
B037.jpg,18ReV9lg6CFOxUiBJUhWIuW7gcV_o0QQS,https://drive.google.com/a/ucsc.edu/file/d/18ReV9lg6CFOxUiBJUhWIuW7gcV_o0QQS/view?usp=drivesdk,,Samuel Rapp,7/30/2019,359884,,
B038.jpg,1gOnpxbWE8gqKG3tetsYBI-XPNfTe7eN8,https://drive.google.com/a/ucsc.edu/file/d/1gOnpxbWE8gqKG3tetsYBI-XPNfTe7eN8/view?usp=drivesdk,,Samuel Rapp,7/30/2019,421460,,
B039.jpg,1aIghy63m5VRrxVX3WosRoKdeTMxiPDJ2,https://drive.google.com/a/ucsc.edu/file/d/1aIghy63m5VRrxVX3WosRoKdeTMxiPDJ2/view?usp=drivesdk,,Samuel Rapp,7/30/2019,4985125,,
B040.jpg,1TVR5sETz6l6IMPsOZAjRvg_z71RJAZ1C,https://drive.google.com/a/ucsc.edu/file/d/1TVR5sETz6l6IMPsOZAjRvg_z71RJAZ1C/view?usp=drivesdk,,Samuel Rapp,7/30/2019,434454,,
B041.jpg,1lFAXop1bvxmBOTszZsQMYb6auBWrs3h3,https://drive.google.com/a/ucsc.edu/file/d/1lFAXop1bvxmBOTszZsQMYb6auBWrs3h3/view?usp=drivesdk,,Samuel Rapp,7/30/2019,815138,,
B042.jpg,1rGxE8QXB36f2nwtpCJdjfC9hxoITIr17,https://drive.google.com/a/ucsc.edu/file/d/1rGxE8QXB36f2nwtpCJdjfC9hxoITIr17/view?usp=drivesdk,,Samuel Rapp,7/30/2019,877378,,
B043.jpg,1p_W2ukhGT6FzbpdbJp3RJwkFN1ihkWTq,https://drive.google.com/a/ucsc.edu/file/d/1p_W2ukhGT6FzbpdbJp3RJwkFN1ihkWTq/view?usp=drivesdk,,Samuel Rapp,7/30/2019,497147,,
B044.jpg,16-seqAVf7VFNs8-L0zLgT_du61hRS09c,https://drive.google.com/a/ucsc.edu/file/d/16-seqAVf7VFNs8-L0zLgT_du61hRS09c/view?usp=drivesdk,,Samuel Rapp,7/30/2019,1760364,,
B045.jpg,1O7Cq-v8pADf7owBGDhwNbLOxKkcdG9mE,https://drive.google.com/a/ucsc.edu/file/d/1O7Cq-v8pADf7owBGDhwNbLOxKkcdG9mE/view?usp=drivesdk,,Samuel Rapp,7/30/2019,444439,,
B046.jpg,1y6IXWVPhvFTfh08vOmYJBWd3Uuoa4cnU,https://drive.google.com/a/ucsc.edu/file/d/1y6IXWVPhvFTfh08vOmYJBWd3Uuoa4cnU/view?usp=drivesdk,,Samuel Rapp,7/30/2019,188446,,
B047.jpg,1lQY5eBTrSXTYuOvw_0AuEQispLLKBjRO,https://drive.google.com/a/ucsc.edu/file/d/1lQY5eBTrSXTYuOvw_0AuEQispLLKBjRO/view?usp=drivesdk,,Samuel Rapp,7/30/2019,410337,,
B048.jpg,134vzc55BsrH78fTSplhIywmqLs0aqzgA,https://drive.google.com/a/ucsc.edu/file/d/134vzc55BsrH78fTSplhIywmqLs0aqzgA/view?usp=drivesdk,,Samuel Rapp,7/30/2019,498719,,
B049.jpg,14RluNE9VDsnnKLzwhUX4f5cVzmydr-Oj,https://drive.google.com/a/ucsc.edu/file/d/14RluNE9VDsnnKLzwhUX4f5cVzmydr-Oj/view?usp=drivesdk,,Samuel Rapp,7/30/2019,470867,,
B050.jpg,1H6IgyohbyWrnp1PSkI2xb3zOpNB1IqdK,https://drive.google.com/a/ucsc.edu/file/d/1H6IgyohbyWrnp1PSkI2xb3zOpNB1IqdK/view?usp=drivesdk,,Samuel Rapp,7/30/2019,761598,,
B051.jpg,1uIG6_XYK1lS7OPGW23OQk3uaZXpXZXeB,https://drive.google.com/a/ucsc.edu/file/d/1uIG6_XYK1lS7OPGW23OQk3uaZXpXZXeB/view?usp=drivesdk,,Samuel Rapp,7/30/2019,236776,,
B052.jpg,1fSnfqclWT9Sz0LWt6-vK4HBXfMzrExZf,https://drive.google.com/a/ucsc.edu/file/d/1fSnfqclWT9Sz0LWt6-vK4HBXfMzrExZf/view?usp=drivesdk,,Samuel Rapp,7/30/2019,374290,,
B053.jpg,1qCbxJRzFcJmB_HQz7oPDtrfLIRsBtIOP,https://drive.google.com/a/ucsc.edu/file/d/1qCbxJRzFcJmB_HQz7oPDtrfLIRsBtIOP/view?usp=drivesdk,,Samuel Rapp,7/30/2019,462022,,
B054.jpg,1V-6FhbxtN3Ol8iCf0p_r2g84iZTLaD_B,https://drive.google.com/a/ucsc.edu/file/d/1V-6FhbxtN3Ol8iCf0p_r2g84iZTLaD_B/view?usp=drivesdk,,Samuel Rapp,7/30/2019,3449746,,
B055.jpg,1qXNmWy-SdnKyQ-2fdNj6QArHamvxZcq6,https://drive.google.com/a/ucsc.edu/file/d/1qXNmWy-SdnKyQ-2fdNj6QArHamvxZcq6/view?usp=drivesdk,,Samuel Rapp,7/30/2019,4789687,,
B056.jpg,1TMOUNO4EmrtVgesVzyWLOZHwQBTe7YvD,https://drive.google.com/a/ucsc.edu/file/d/1TMOUNO4EmrtVgesVzyWLOZHwQBTe7YvD/view?usp=drivesdk,,Samuel Rapp,7/30/2019,601109,,
B057.jpg,1ooUDMvGnEV8OiRiNG8gliCV2kdxlCeko,https://drive.google.com/a/ucsc.edu/file/d/1ooUDMvGnEV8OiRiNG8gliCV2kdxlCeko/view?usp=drivesdk,,Samuel Rapp,7/30/2019,384581,,
B058.jpg,1V_K4USqUgnM60edsjgivRlZSta20Mn_G,https://drive.google.com/a/ucsc.edu/file/d/1V_K4USqUgnM60edsjgivRlZSta20Mn_G/view?usp=drivesdk,,Samuel Rapp,7/30/2019,304970,,
B059.jpg,13OdscPmfokmhpbvFJHPxoMcFNK7YuBvy,https://drive.google.com/a/ucsc.edu/file/d/13OdscPmfokmhpbvFJHPxoMcFNK7YuBvy/view?usp=drivesdk,,Samuel Rapp,8/16/2019,553121,,
B060.jpg,1T06S5QiHc27j4fkByGJVVkVXEFdpsw_C,https://drive.google.com/a/ucsc.edu/file/d/1T06S5QiHc27j4fkByGJVVkVXEFdpsw_C/view?usp=drivesdk,,Samuel Rapp,7/30/2019,2272579,,
B061.jpg,1nXVQ2NX8ywxjhkvRH-llNVw4hK5PSoXl,https://drive.google.com/a/ucsc.edu/file/d/1nXVQ2NX8ywxjhkvRH-llNVw4hK5PSoXl/view?usp=drivesdk,,Samuel Rapp,7/30/2019,551813,,
B062.jpg,19EkhQ3Zg30vNJRS_3cHC0HjDcJHWMUIB,https://drive.google.com/a/ucsc.edu/file/d/19EkhQ3Zg30vNJRS_3cHC0HjDcJHWMUIB/view?usp=drivesdk,,Samuel Rapp,7/30/2019,496244,,
B098.jpg,1vVTFYkvdy8hXmVi0bSX9r1M_6fMbX9q9,https://drive.google.com/a/ucsc.edu/file/d/1vVTFYkvdy8hXmVi0bSX9r1M_6fMbX9q9/view?usp=drivesdk,,Samuel Rapp,7/30/2019,417046,,
B099.jpg,1UhoWvaHWUyWbsGs4r-_hb5phfEK7D8JV,https://drive.google.com/a/ucsc.edu/file/d/1UhoWvaHWUyWbsGs4r-_hb5phfEK7D8JV/view?usp=drivesdk,,Samuel Rapp,7/30/2019,455576,,
B100.jpg,16gJL6S4zI5uttdnNOhI5suKkkzg493tj,https://drive.google.com/a/ucsc.edu/file/d/16gJL6S4zI5uttdnNOhI5suKkkzg493tj/view?usp=drivesdk,,Samuel Rapp,8/6/2019,463787,,
B101.jpg,1F1p16t7bLkjBKCRN_qu_3x7ieWS-pEKy,https://drive.google.com/a/ucsc.edu/file/d/1F1p16t7bLkjBKCRN_qu_3x7ieWS-pEKy/view?usp=drivesdk,,Samuel Rapp,8/6/2019,456429,,
B102.jpg,1V-qDQEQcGjb-y6dkt_3-VW6PaY72nsYg,https://drive.google.com/a/ucsc.edu/file/d/1V-qDQEQcGjb-y6dkt_3-VW6PaY72nsYg/view?usp=drivesdk,,Samuel Rapp,8/6/2019,498611,,
B103.jpg,1By-rtoA1FJTkx39DXUUKPtmb1vEjPiQs,https://drive.google.com/a/ucsc.edu/file/d/1By-rtoA1FJTkx39DXUUKPtmb1vEjPiQs/view?usp=drivesdk,,Samuel Rapp,8/6/2019,255875,,
B104.jpg,1sOVgWQhFslCLsO8WU39b56ofmQAVgmvZ,https://drive.google.com/a/ucsc.edu/file/d/1sOVgWQhFslCLsO8WU39b56ofmQAVgmvZ/view?usp=drivesdk,,Samuel Rapp,8/6/2019,445890,,
B105.jpg,1HlcSW7bkE8OKpmF1z-5g-ghl-vIxpOwy,https://drive.google.com/a/ucsc.edu/file/d/1HlcSW7bkE8OKpmF1z-5g-ghl-vIxpOwy/view?usp=drivesdk,,Samuel Rapp,8/6/2019,492474,,
B106.jpg,11Pka7PEYq06uBh8sLYYw0dlvUR8uXFVX,https://drive.google.com/a/ucsc.edu/file/d/11Pka7PEYq06uBh8sLYYw0dlvUR8uXFVX/view?usp=drivesdk,,Samuel Rapp,7/30/2019,127162,,
B107.jpg,1C_yAG3EyVS_gUWnKYPP_AtMnZT31mt7m,https://drive.google.com/a/ucsc.edu/file/d/1C_yAG3EyVS_gUWnKYPP_AtMnZT31mt7m/view?usp=drivesdk,,Samuel Rapp,7/30/2019,156463,,
B123.jpg,1EQn7SjMNAH8eXK913IyohiUt4lKN5_ho,https://drive.google.com/a/ucsc.edu/file/d/1EQn7SjMNAH8eXK913IyohiUt4lKN5_ho/view?usp=drivesdk,,Samuel Rapp,8/6/2019,468421,,
B124.jpg,1uSYp7C2kVWB8PGQXSsfbkFgit83IaqpG,https://drive.google.com/a/ucsc.edu/file/d/1uSYp7C2kVWB8PGQXSsfbkFgit83IaqpG/view?usp=drivesdk,,Samuel Rapp,8/6/2019,641161,,
B125.jpg,1Bb-dvF_XYMf9u5VQkbvqBhzgqJ3DNOxz,https://drive.google.com/a/ucsc.edu/file/d/1Bb-dvF_XYMf9u5VQkbvqBhzgqJ3DNOxz/view?usp=drivesdk,,Samuel Rapp,8/6/2019,475373,,
B126.jpg,1BQqlaAM9_KnGj_xT1sxpzqVZf5-Dbkog,https://drive.google.com/a/ucsc.edu/file/d/1BQqlaAM9_KnGj_xT1sxpzqVZf5-Dbkog/view?usp=drivesdk,,Samuel Rapp,8/6/2019,230734,,
B127.jpg,1UHBmBYCYbl2SFywpYjoOhXile3T-X6Xm,https://drive.google.com/a/ucsc.edu/file/d/1UHBmBYCYbl2SFywpYjoOhXile3T-X6Xm/view?usp=drivesdk,,Samuel Rapp,8/6/2019,142653,,
B128.jpg,1V1husMrxSCz7xsmKq-iFAbkTwrvlajev,https://drive.google.com/a/ucsc.edu/file/d/1V1husMrxSCz7xsmKq-iFAbkTwrvlajev/view?usp=drivesdk,,Samuel Rapp,8/6/2019,1217527,,
B145.jpg,1pMSg5qMUNfAkpDamGlVUvErs0ZAUVcgh,https://drive.google.com/a/ucsc.edu/file/d/1pMSg5qMUNfAkpDamGlVUvErs0ZAUVcgh/view?usp=drivesdk,,Samuel Rapp,8/6/2019,299828,,
B146.jpg,16K6Ws2kMXMehit84zpXp0L3__7yILh0t,https://drive.google.com/a/ucsc.edu/file/d/16K6Ws2kMXMehit84zpXp0L3__7yILh0t/view?usp=drivesdk,,Samuel Rapp,8/6/2019,307097,,
B147.jpg,1C8rEi0v6Dt7_AQyOw4Zh0TbilqBtzpCz,https://drive.google.com/a/ucsc.edu/file/d/1C8rEi0v6Dt7_AQyOw4Zh0TbilqBtzpCz/view?usp=drivesdk,,Samuel Rapp,8/6/2019,493668,,
B148.jpg,1ehOdQnfYjXBQjXUDanb-oZwWTnEunYf9,https://drive.google.com/a/ucsc.edu/file/d/1ehOdQnfYjXBQjXUDanb-oZwWTnEunYf9/view?usp=drivesdk,,Samuel Rapp,8/6/2019,398742,,
B152.jpg,1OC2SkddRr3dXKnCo5zdGcPqrVwlW6KAP,https://drive.google.com/a/ucsc.edu/file/d/1OC2SkddRr3dXKnCo5zdGcPqrVwlW6KAP/view?usp=drivesdk,,Samuel Rapp,8/6/2019,276376,,
B153.jpg,18tOQN6bg6aQyYCb_v2A_jiKB-SrEE4si,https://drive.google.com/a/ucsc.edu/file/d/18tOQN6bg6aQyYCb_v2A_jiKB-SrEE4si/view?usp=drivesdk,,Samuel Rapp,8/6/2019,303800,,
B154.jpg,1ZWa08oD7ujvgY6Yz8_CezsgxjmM3RRBt,https://drive.google.com/a/ucsc.edu/file/d/1ZWa08oD7ujvgY6Yz8_CezsgxjmM3RRBt/view?usp=drivesdk,,Samuel Rapp,8/6/2019,304092,,
B155.jpg,1w_mu_X0gQDFneOADUnv0DwTg05rfM7_T,https://drive.google.com/a/ucsc.edu/file/d/1w_mu_X0gQDFneOADUnv0DwTg05rfM7_T/view?usp=drivesdk,,Samuel Rapp,8/6/2019,342054,,
B156.jpg,1KeHeeFx1lYrp-C7fxwfOlDIM67VXjBNH,https://drive.google.com/a/ucsc.edu/file/d/1KeHeeFx1lYrp-C7fxwfOlDIM67VXjBNH/view?usp=drivesdk,,Samuel Rapp,8/6/2019,1187199,,
B157.jpg,14gxwb3WiuPpKD1_A2PnC-xJ6P1aO_a9B,https://drive.google.com/a/ucsc.edu/file/d/14gxwb3WiuPpKD1_A2PnC-xJ6P1aO_a9B/view?usp=drivesdk,,Samuel Rapp,8/6/2019,169141,,
B158.jpg,1NSrG4WvMBYMvwT8yVmS70dw21wQgl66T,https://drive.google.com/a/ucsc.edu/file/d/1NSrG4WvMBYMvwT8yVmS70dw21wQgl66T/view?usp=drivesdk,,Samuel Rapp,8/6/2019,377066,,
B159.jpg,183NZsAHNaql4ft_w0KEkTO6VJg1FYcSZ,https://drive.google.com/a/ucsc.edu/file/d/183NZsAHNaql4ft_w0KEkTO6VJg1FYcSZ/view?usp=drivesdk,,Samuel Rapp,8/6/2019,489852,,
B160.jpg,14XB1olIjuvDJq3veXzrXAdngMjg3c-4e,https://drive.google.com/a/ucsc.edu/file/d/14XB1olIjuvDJq3veXzrXAdngMjg3c-4e/view?usp=drivesdk,,Samuel Rapp,8/6/2019,179925,,
B161.jpg,1nphMgLSCJdonGWn70kjEXl9mnliMxKdS,https://drive.google.com/a/ucsc.edu/file/d/1nphMgLSCJdonGWn70kjEXl9mnliMxKdS/view?usp=drivesdk,,Samuel Rapp,8/6/2019,261784,,
B162.jpg,160sDAeB-LpX4hy8Ujun1Y6AXI4omot0u,https://drive.google.com/a/ucsc.edu/file/d/160sDAeB-LpX4hy8Ujun1Y6AXI4omot0u/view?usp=drivesdk,,Samuel Rapp,8/6/2019,278543,,
B163.jpg,10bxxjuJXjwzApjrM-hfu0Gp7KP1ExXlp,https://drive.google.com/a/ucsc.edu/file/d/10bxxjuJXjwzApjrM-hfu0Gp7KP1ExXlp/view?usp=drivesdk,,Samuel Rapp,8/6/2019,316350,,
B164.jpg,1YCOkmepaxFtthz8U5F5R4SCpuOLbctdO,https://drive.google.com/a/ucsc.edu/file/d/1YCOkmepaxFtthz8U5F5R4SCpuOLbctdO/view?usp=drivesdk,,Samuel Rapp,8/6/2019,277585,,
B165.jpg,1NB90CYQf_cpRhgMy_BS4y4nHZchFswR2,https://drive.google.com/a/ucsc.edu/file/d/1NB90CYQf_cpRhgMy_BS4y4nHZchFswR2/view?usp=drivesdk,,Samuel Rapp,8/6/2019,202308,,
B166.jpg,1jJSi_av_af3326O2FYJQWnaxxXs_wtF9,https://drive.google.com/a/ucsc.edu/file/d/1jJSi_av_af3326O2FYJQWnaxxXs_wtF9/view?usp=drivesdk,,Samuel Rapp,8/6/2019,388296,,
B167.jpg,1l-NXd5CEgpGJhm2mYOjUh8kMHePIoLR3,https://drive.google.com/a/ucsc.edu/file/d/1l-NXd5CEgpGJhm2mYOjUh8kMHePIoLR3/view?usp=drivesdk,,Samuel Rapp,8/6/2019,319492,,
B168.jpg,1bYm_kLxXNpHtqeRVIP27vE_l-i71MztW,https://drive.google.com/a/ucsc.edu/file/d/1bYm_kLxXNpHtqeRVIP27vE_l-i71MztW/view?usp=drivesdk,,Samuel Rapp,8/6/2019,415058,,
B169.jpg,1QnElTqY5LQjSi2vtnXkxj7PzqkNd0a0l,https://drive.google.com/a/ucsc.edu/file/d/1QnElTqY5LQjSi2vtnXkxj7PzqkNd0a0l/view?usp=drivesdk,,Samuel Rapp,8/6/2019,795105,,
B170.jpg,1BQd9xqQWF4MkKmI3V8MjaWH0yZ9wCMNf,https://drive.google.com/a/ucsc.edu/file/d/1BQd9xqQWF4MkKmI3V8MjaWH0yZ9wCMNf/view?usp=drivesdk,,Samuel Rapp,8/6/2019,648380,,
B171.jpg,1cSSvlL0IkyTAC7U6Dg1dZ5rBMPZIk66S,https://drive.google.com/a/ucsc.edu/file/d/1cSSvlL0IkyTAC7U6Dg1dZ5rBMPZIk66S/view?usp=drivesdk,,Samuel Rapp,8/6/2019,448659,,
B172.jpg,1AnKExUrurEER0RfvaeQJWMMC4Mu0dVzu,https://drive.google.com/a/ucsc.edu/file/d/1AnKExUrurEER0RfvaeQJWMMC4Mu0dVzu/view?usp=drivesdk,,Samuel Rapp,8/6/2019,402150,,
B173.jpg,1ZgVzri-7yiYptKfLAifo83YbIkI5WhTm,https://drive.google.com/a/ucsc.edu/file/d/1ZgVzri-7yiYptKfLAifo83YbIkI5WhTm/view?usp=drivesdk,,Samuel Rapp,8/6/2019,218540,,
B174.jpg,1yYEK97FQco32THyzlNBhV37uLvq--FS3,https://drive.google.com/a/ucsc.edu/file/d/1yYEK97FQco32THyzlNBhV37uLvq--FS3/view?usp=drivesdk,,Samuel Rapp,8/6/2019,410949,,
B175.jpg,18duSh5vLUKqiNHUtvjxb9xJzoWS81igF,https://drive.google.com/a/ucsc.edu/file/d/18duSh5vLUKqiNHUtvjxb9xJzoWS81igF/view?usp=drivesdk,,Samuel Rapp,8/6/2019,210621,,
B176.jpg,17gxNXVDooFUIbKgqTowmSLFU2KysWZ0U,https://drive.google.com/a/ucsc.edu/file/d/17gxNXVDooFUIbKgqTowmSLFU2KysWZ0U/view?usp=drivesdk,,Samuel Rapp,8/6/2019,195822,,
B177.jpg,1FRGzm0blfHUOC7pOiOJA9KyvWIaNtv6N,https://drive.google.com/a/ucsc.edu/file/d/1FRGzm0blfHUOC7pOiOJA9KyvWIaNtv6N/view?usp=drivesdk,,Samuel Rapp,8/6/2019,298744,,
B178.jpg,1DMlOucneH95uILYGS9CZiVrIW-NMI8Lf,https://drive.google.com/a/ucsc.edu/file/d/1DMlOucneH95uILYGS9CZiVrIW-NMI8Lf/view?usp=drivesdk,,Samuel Rapp,8/6/2019,392756,,
B179.jpg,15HCy3dZ5kRQA1z75jl2A1SNKVBa6AEFd,https://drive.google.com/a/ucsc.edu/file/d/15HCy3dZ5kRQA1z75jl2A1SNKVBa6AEFd/view?usp=drivesdk,,Samuel Rapp,8/6/2019,872260,,
B180.jpg,1k0rWuj1xjE3fK61LCS1ylyuxm94NJiGX,https://drive.google.com/a/ucsc.edu/file/d/1k0rWuj1xjE3fK61LCS1ylyuxm94NJiGX/view?usp=drivesdk,,Samuel Rapp,7/30/2019,898533,,
B182.jpg,1inWTu-xWUzZ8V9IZs6MPSHvyvQdQcKZ4,https://drive.google.com/a/ucsc.edu/file/d/1inWTu-xWUzZ8V9IZs6MPSHvyvQdQcKZ4/view?usp=drivesdk,,Samuel Rapp,7/30/2019,572643,,
B186.jpg,1fYQJbvCOXs8odty4UKRMiBqtCVX1u8jR,https://drive.google.com/a/ucsc.edu/file/d/1fYQJbvCOXs8odty4UKRMiBqtCVX1u8jR/view?usp=drivesdk,,Samuel Rapp,7/30/2019,300275,,
B190.jpg,1UXaDA53i-EHxLca1xBXII-ObNpblYqua,https://drive.google.com/a/ucsc.edu/file/d/1UXaDA53i-EHxLca1xBXII-ObNpblYqua/view?usp=drivesdk,,Samuel Rapp,7/30/2019,849117,,
B192.jpg,17AfLfxxNYaU30XnRmgtTeKnf5vgu7COZ,https://drive.google.com/a/ucsc.edu/file/d/17AfLfxxNYaU30XnRmgtTeKnf5vgu7COZ/view?usp=drivesdk,,Samuel Rapp,7/30/2019,282171,,
B240.jpg,1eZN9xpX2m2z6whULdSaBvfIKqvDXlxm0,https://drive.google.com/a/ucsc.edu/file/d/1eZN9xpX2m2z6whULdSaBvfIKqvDXlxm0/view?usp=drivesdk,,Samuel Rapp,7/30/2019,1209254,,
B253.jpg,1tPxzUVPOA7Tp-42pyzMuNICTTQK6DFx4,https://drive.google.com/a/ucsc.edu/file/d/1tPxzUVPOA7Tp-42pyzMuNICTTQK6DFx4/view?usp=drivesdk,,Samuel Rapp,7/30/2019,458306,,
B254.jpg,1AvIVfe8t89vpWrjmlSZIICUFWtqDJ68B,https://drive.google.com/a/ucsc.edu/file/d/1AvIVfe8t89vpWrjmlSZIICUFWtqDJ68B/view?usp=drivesdk,,Samuel Rapp,7/30/2019,1633935,,
B255.jpg,1GvcHskwW8_KxSBAuYqVvUSIn54nqx6Ja,https://drive.google.com/a/ucsc.edu/file/d/1GvcHskwW8_KxSBAuYqVvUSIn54nqx6Ja/view?usp=drivesdk,,Samuel Rapp,7/30/2019,345956,,
B258.jpg,1GfTvHfiupMN0-0h1N3NWE4YlTwrzgSZt,https://drive.google.com/a/ucsc.edu/file/d/1GfTvHfiupMN0-0h1N3NWE4YlTwrzgSZt/view?usp=drivesdk,,Samuel Rapp,7/30/2019,419481,,
C004.jpg,1lu0ICw0Omg3dVlOIvCUEWSzr7LhJOy0a,https://drive.google.com/a/ucsc.edu/file/d/1lu0ICw0Omg3dVlOIvCUEWSzr7LhJOy0a/view?usp=drivesdk,,Samuel Rapp,7/30/2019,314493,,
C031.jpg,1wuzC-XhbyjT6E0vuFI9nDXnLh1rCGQ_R,https://drive.google.com/a/ucsc.edu/file/d/1wuzC-XhbyjT6E0vuFI9nDXnLh1rCGQ_R/view?usp=drivesdk,,Samuel Rapp,7/30/2019,716101,,
C074.jpg,18XjvHkwuSB6NH6SRJhhg2DvX4bToRAU7,https://drive.google.com/a/ucsc.edu/file/d/18XjvHkwuSB6NH6SRJhhg2DvX4bToRAU7/view?usp=drivesdk,,Samuel Rapp,7/30/2019,1386220,,
C078.jpg,1Hpa2YfnzsJYZMzR8KoRwqzQKipgRzCGf,https://drive.google.com/a/ucsc.edu/file/d/1Hpa2YfnzsJYZMzR8KoRwqzQKipgRzCGf/view?usp=drivesdk,,Samuel Rapp,7/30/2019,439809,,
C081.jpg,1eo-3-GIGmgDACxTtzt-yCwMFUz8HOWZF,https://drive.google.com/a/ucsc.edu/file/d/1eo-3-GIGmgDACxTtzt-yCwMFUz8HOWZF/view?usp=drivesdk,,Samuel Rapp,7/30/2019,1024120,,
C090.jpg,1krEVmuxYaSrqL-zffsdgIWyotq2_pOte,https://drive.google.com/a/ucsc.edu/file/d/1krEVmuxYaSrqL-zffsdgIWyotq2_pOte/view?usp=drivesdk,,Samuel Rapp,7/30/2019,310895,,
D005.jpg,17XuqDjJUMSk4-SVHl55Sj49m-NUIbq7O,https://drive.google.com/a/ucsc.edu/file/d/17XuqDjJUMSk4-SVHl55Sj49m-NUIbq7O/view?usp=drivesdk,,Samuel Rapp,7/30/2019,460661,,
D022.jpg,1wTauuKX1Sfsj6yu9o6_PMv4IVuX7gK3d,https://drive.google.com/a/ucsc.edu/file/d/1wTauuKX1Sfsj6yu9o6_PMv4IVuX7gK3d/view?usp=drivesdk,,Samuel Rapp,7/30/2019,2409483,,
D023.jpg,14p2mrUEY8LnMlomJWx-hYnP9dWj1ypzR,https://drive.google.com/a/ucsc.edu/file/d/14p2mrUEY8LnMlomJWx-hYnP9dWj1ypzR/view?usp=drivesdk,,Samuel Rapp,7/30/2019,1970950,,
D027.jpg,1wGKydOd0WYeToKK7S7FOBNpYYaoq86XD,https://drive.google.com/a/ucsc.edu/file/d/1wGKydOd0WYeToKK7S7FOBNpYYaoq86XD/view?usp=drivesdk,,Samuel Rapp,7/30/2019,2172879,,
D063.jpg,1vgwLM-Ok5ajPl_-AVTwpiwlO2GoFvIuq,https://drive.google.com/a/ucsc.edu/file/d/1vgwLM-Ok5ajPl_-AVTwpiwlO2GoFvIuq/view?usp=drivesdk,,Samuel Rapp,7/30/2019,386877,,
D074.jpg,1yGvF60uJ2ERhdix0Se_pSWes0rn1nX3S,https://drive.google.com/a/ucsc.edu/file/d/1yGvF60uJ2ERhdix0Se_pSWes0rn1nX3S/view?usp=drivesdk,,Samuel Rapp,7/30/2019,404694,,
E090.jpg,1kd1SxGTp39q2IHuAPdoyfYkYDo4Fd6-k,https://drive.google.com/a/ucsc.edu/file/d/1kd1SxGTp39q2IHuAPdoyfYkYDo4Fd6-k/view?usp=drivesdk,,Samuel Rapp,7/30/2019,493832,,
E105.jpg,1SZvZrTMvdHb2-oyB3Ul_9eiVQyfDAeBb,https://drive.google.com/a/ucsc.edu/file/d/1SZvZrTMvdHb2-oyB3Ul_9eiVQyfDAeBb/view?usp=drivesdk,,Samuel Rapp,7/30/2019,946594,,
E125.jpg,17fs_ovQUFyuNepo0Chk1Mlmik_I_b1Tz,https://drive.google.com/a/ucsc.edu/file/d/17fs_ovQUFyuNepo0Chk1Mlmik_I_b1Tz/view?usp=drivesdk,,Samuel Rapp,7/30/2019,361144,,
E135.jpg,1ofGkm__AYW8BCoAsS3s4Y2eFzmSzMDx0,https://drive.google.com/a/ucsc.edu/file/d/1ofGkm__AYW8BCoAsS3s4Y2eFzmSzMDx0/view?usp=drivesdk,,Samuel Rapp,7/30/2019,338268,,
F024.jpg,1y7SjoxAqqCsvBFBB6lduLWLSBdlniPaD,https://drive.google.com/a/ucsc.edu/file/d/1y7SjoxAqqCsvBFBB6lduLWLSBdlniPaD/view?usp=drivesdk,,Samuel Rapp,7/30/2019,312382,,
F063.jpg,1smHs6J2CKeADc_OsDbKNRToUk3idc5PO,https://drive.google.com/a/ucsc.edu/file/d/1smHs6J2CKeADc_OsDbKNRToUk3idc5PO/view?usp=drivesdk,,Samuel Rapp,7/30/2019,242803,,
G042.jpg,1A53ZAsL-3AfWY75KDjt7SpQbcUAOZqbG,https://drive.google.com/a/ucsc.edu/file/d/1A53ZAsL-3AfWY75KDjt7SpQbcUAOZqbG/view?usp=drivesdk,,Samuel Rapp,7/30/2019,939104,,
G060.jpg,1SPm9onl_Y6-jeUXJkPLk4s4-xJXRdDzu,https://drive.google.com/a/ucsc.edu/file/d/1SPm9onl_Y6-jeUXJkPLk4s4-xJXRdDzu/view?usp=drivesdk,,Samuel Rapp,7/30/2019,160000,,
I002.jpg,1mojXgyCOfDQdrUUvUtI8zwrMMFoWQQ3O,https://drive.google.com/a/ucsc.edu/file/d/1mojXgyCOfDQdrUUvUtI8zwrMMFoWQQ3O/view?usp=drivesdk,,Samuel Rapp,7/30/2019,350401,,
I060.jpg,1PRTIkRzONy2eNuGy2sXDXgfAMob1OXsV,https://drive.google.com/a/ucsc.edu/file/d/1PRTIkRzONy2eNuGy2sXDXgfAMob1OXsV/view?usp=drivesdk,,Samuel Rapp,7/30/2019,485098,,
I079.jpg,19XbEuiNSPnwuma_SAARrdpvWzRNzfd2q,https://drive.google.com/a/ucsc.edu/file/d/19XbEuiNSPnwuma_SAARrdpvWzRNzfd2q/view?usp=drivesdk,,Samuel Rapp,7/30/2019,1040625,,
I082.jpg,15PfELEO-ksdLRvnW3jxWf8ZvG-7ri0Df,https://drive.google.com/a/ucsc.edu/file/d/15PfELEO-ksdLRvnW3jxWf8ZvG-7ri0Df/view?usp=drivesdk,,Samuel Rapp,7/30/2019,805261,,
I111.jpg,1QIg_sAWJOlBXL94dTEafO_dWcBKHUOSi,https://drive.google.com/a/ucsc.edu/file/d/1QIg_sAWJOlBXL94dTEafO_dWcBKHUOSi/view?usp=drivesdk,,Samuel Rapp,7/30/2019,692244,,
I112.jpg,189jdEHeOV69gcwqI0ZKauNNYu-4kGXit,https://drive.google.com/a/ucsc.edu/file/d/189jdEHeOV69gcwqI0ZKauNNYu-4kGXit/view?usp=drivesdk,,Samuel Rapp,7/30/2019,367858,,
I189.jpg,15nZa2FL44prPUgVkWVKFZ78NbTnVGRJs,https://drive.google.com/a/ucsc.edu/file/d/15nZa2FL44prPUgVkWVKFZ78NbTnVGRJs/view?usp=drivesdk,,Samuel Rapp,7/30/2019,316529,,
J019.jpg,1v_j5ZKlCzxVv9PFJ_JteanOlNbrJ_XDy,https://drive.google.com/a/ucsc.edu/file/d/1v_j5ZKlCzxVv9PFJ_JteanOlNbrJ_XDy/view?usp=drivesdk,,Samuel Rapp,7/30/2019,473829,,
J031.jpg,1ZCKUb1_9hf0YNEQ8w9UkMLabWuyJ105C,https://drive.google.com/a/ucsc.edu/file/d/1ZCKUb1_9hf0YNEQ8w9UkMLabWuyJ105C/view?usp=drivesdk,,Samuel Rapp,7/30/2019,205822,,
J035.jpg,1syNCr5-Wyrc0GPgj8ZR-HjAIeEx7nhBG,https://drive.google.com/a/ucsc.edu/file/d/1syNCr5-Wyrc0GPgj8ZR-HjAIeEx7nhBG/view?usp=drivesdk,,Samuel Rapp,7/30/2019,358136,,
J039.jpg,1YUWtrjPyNOACPcBRcdiOmi_1c71AFTX9,https://drive.google.com/a/ucsc.edu/file/d/1YUWtrjPyNOACPcBRcdiOmi_1c71AFTX9/view?usp=drivesdk,,Samuel Rapp,7/30/2019,296246,,
J041.jpg,1x-0U6utBlJJ8j1MVf5vpheLGPN9WsZ_w,https://drive.google.com/a/ucsc.edu/file/d/1x-0U6utBlJJ8j1MVf5vpheLGPN9WsZ_w/view?usp=drivesdk,,Samuel Rapp,7/30/2019,433226,,
J042.jpg,1iYuF3f1x24W4GEjE-XWVRvmPf71BQwKG,https://drive.google.com/a/ucsc.edu/file/d/1iYuF3f1x24W4GEjE-XWVRvmPf71BQwKG/view?usp=drivesdk,,Samuel Rapp,7/30/2019,398048,,
J045.jpg,1_6BLod8cXDLQivU_kcSj03aLmOCp4ynR,https://drive.google.com/a/ucsc.edu/file/d/1_6BLod8cXDLQivU_kcSj03aLmOCp4ynR/view?usp=drivesdk,,Samuel Rapp,7/30/2019,320118,,
J046.jpg,1lPY4sLBQw2YpkvwkAq0Mr5aYHHpG0G3Y,https://drive.google.com/a/ucsc.edu/file/d/1lPY4sLBQw2YpkvwkAq0Mr5aYHHpG0G3Y/view?usp=drivesdk,,Samuel Rapp,7/30/2019,603516,,
J047.jpg,1klRkxXYmN3XiaD--RtTMJFzhNRNJYv0k,https://drive.google.com/a/ucsc.edu/file/d/1klRkxXYmN3XiaD--RtTMJFzhNRNJYv0k/view?usp=drivesdk,,Samuel Rapp,7/30/2019,229577,,
J049.jpg,12Q06NsCNkL4daJ7DGrpxAEcRtE91lnS-,https://drive.google.com/a/ucsc.edu/file/d/12Q06NsCNkL4daJ7DGrpxAEcRtE91lnS-/view?usp=drivesdk,,Samuel Rapp,7/30/2019,268998,,
K012.jpg,1VnrVcK_Jkr3EEPf7gW8XPKGxcQN4NtSZ,https://drive.google.com/a/ucsc.edu/file/d/1VnrVcK_Jkr3EEPf7gW8XPKGxcQN4NtSZ/view?usp=drivesdk,,Samuel Rapp,7/30/2019,718803,,
L075.jpg,12QUTQJR-7kGeWyaebnkFsudMH-BrWfEJ,https://drive.google.com/a/ucsc.edu/file/d/12QUTQJR-7kGeWyaebnkFsudMH-BrWfEJ/view?usp=drivesdk,,Samuel Rapp,7/30/2019,2194385,,
L079.jpg,1JN8tNZBOUY90KPnbWwSHzp0sVPRjxRgf,https://drive.google.com/a/ucsc.edu/file/d/1JN8tNZBOUY90KPnbWwSHzp0sVPRjxRgf/view?usp=drivesdk,,Samuel Rapp,7/30/2019,7926492,,
L099.jpg,1K9uDbTOieWjY1efKascwuz2tXdoa5Lka,https://drive.google.com/a/ucsc.edu/file/d/1K9uDbTOieWjY1efKascwuz2tXdoa5Lka/view?usp=drivesdk,,Samuel Rapp,7/30/2019,346764,,
L126.jpg,1sP5GFyo7M7RH0NEzmu1Er-EW27RyKJoa,https://drive.google.com/a/ucsc.edu/file/d/1sP5GFyo7M7RH0NEzmu1Er-EW27RyKJoa/view?usp=drivesdk,,Samuel Rapp,7/30/2019,1272571,,
L127.jpg,17W_-BrEgZRLpTrtf4opf5vuHeyIbPWAu,https://drive.google.com/a/ucsc.edu/file/d/17W_-BrEgZRLpTrtf4opf5vuHeyIbPWAu/view?usp=drivesdk,,Samuel Rapp,7/30/2019,814896,,
M020.jpg,1J-l2-O1JS6AlhBwgjHkGi9Fd2VrJTEji,https://drive.google.com/a/ucsc.edu/file/d/1J-l2-O1JS6AlhBwgjHkGi9Fd2VrJTEji/view?usp=drivesdk,,Samuel Rapp,7/30/2019,638874,,
M050.jpg,1fk0A3X6MzoA4ERRp2d2zHkdFm0kfq5eP,https://drive.google.com/a/ucsc.edu/file/d/1fk0A3X6MzoA4ERRp2d2zHkdFm0kfq5eP/view?usp=drivesdk,,Samuel Rapp,7/30/2019,1351393,,
M097.jpg,1pWmsPcc_XDbHQDfJEf-ijpDHX6lQK9gA,https://drive.google.com/a/ucsc.edu/file/d/1pWmsPcc_XDbHQDfJEf-ijpDHX6lQK9gA/view?usp=drivesdk,,Samuel Rapp,7/30/2019,136404,,
M201.jpg,1mb3MKPjsruCXfDieZKLe3OylKpwSko3K,https://drive.google.com/a/ucsc.edu/file/d/1mb3MKPjsruCXfDieZKLe3OylKpwSko3K/view?usp=drivesdk,,Samuel Rapp,7/30/2019,315065,,
M212.jpg,1XonVT15odw-sntLcZwzZj5gDxWfsW5B-,https://drive.google.com/a/ucsc.edu/file/d/1XonVT15odw-sntLcZwzZj5gDxWfsW5B-/view?usp=drivesdk,,Samuel Rapp,7/30/2019,354504,,
Q019.jpg,10V8ZrO86ypwardY6F5Qm_BD_LC4Kmte5,https://drive.google.com/a/ucsc.edu/file/d/10V8ZrO86ypwardY6F5Qm_BD_LC4Kmte5/view?usp=drivesdk,,Samuel Rapp,7/30/2019,548516,,
Q029.jpg,17KEqlS_16y4mj8g34CsObHc4AuS7zU2J,https://drive.google.com/a/ucsc.edu/file/d/17KEqlS_16y4mj8g34CsObHc4AuS7zU2J/view?usp=drivesdk,,Samuel Rapp,7/30/2019,240121,,
Q034.jpg,1Y8GWtThUNuXX9uc-V6rYgM0ofLlBqdSt,https://drive.google.com/a/ucsc.edu/file/d/1Y8GWtThUNuXX9uc-V6rYgM0ofLlBqdSt/view?usp=drivesdk,,Samuel Rapp,7/30/2019,155969,,
Q040.jpg,1vvec_itTRlPoNcM2kLIUnIOp4AQBSzFw,https://drive.google.com/a/ucsc.edu/file/d/1vvec_itTRlPoNcM2kLIUnIOp4AQBSzFw/view?usp=drivesdk,,Samuel Rapp,7/30/2019,823415,,
S051.jpg,11ec73cmlDu_3F61FbgACWQP8YZ4TKxtQ,https://drive.google.com/a/ucsc.edu/file/d/11ec73cmlDu_3F61FbgACWQP8YZ4TKxtQ/view?usp=drivesdk,,Samuel Rapp,7/30/2019,110684,,
S130.jpg,1u-CU23medZfXjox5j6qC6iMFE-KLYFVJ,https://drive.google.com/a/ucsc.edu/file/d/1u-CU23medZfXjox5j6qC6iMFE-KLYFVJ/view?usp=drivesdk,,Samuel Rapp,7/30/2019,644325,,
S153.jpg,1MCDfmE0wpVhBirPJZ-BjffnNPe2EiG-I,https://drive.google.com/a/ucsc.edu/file/d/1MCDfmE0wpVhBirPJZ-BjffnNPe2EiG-I/view?usp=drivesdk,,Samuel Rapp,7/30/2019,448433,,
S155.jpg,1mb_6dg8LGF23zq1sVD8OPRksPfaZCo6w,https://drive.google.com/a/ucsc.edu/file/d/1mb_6dg8LGF23zq1sVD8OPRksPfaZCo6w/view?usp=drivesdk,,Samuel Rapp,7/30/2019,535492,,
T017.jpg,1yoKD2xxYXBaahz--Ex3YN-wybTtY5Lbc,https://drive.google.com/a/ucsc.edu/file/d/1yoKD2xxYXBaahz--Ex3YN-wybTtY5Lbc/view?usp=drivesdk,,Samuel Rapp,7/30/2019,267692,,
T092.jpg,1Uq9pJKukZ0h5ln9oJD5wryYoBgtqbRUZ,https://drive.google.com/a/ucsc.edu/file/d/1Uq9pJKukZ0h5ln9oJD5wryYoBgtqbRUZ/view?usp=drivesdk,,Samuel Rapp,7/30/2019,412192,,
T097.jpg,1gh6r5hY0ssKXSIXpF0j_fYq2pT2KSkPJ,https://drive.google.com/a/ucsc.edu/file/d/1gh6r5hY0ssKXSIXpF0j_fYq2pT2KSkPJ/view?usp=drivesdk,,Samuel Rapp,7/30/2019,219778,,
U005.jpg,1K_GXgSXKhT4eQ5kkUvu8KArBXQy_YDlt,https://drive.google.com/a/ucsc.edu/file/d/1K_GXgSXKhT4eQ5kkUvu8KArBXQy_YDlt/view?usp=drivesdk,,Samuel Rapp,7/30/2019,286301,,
U007.jpg,1atx-qm8dAIdVRSq-YDDdJbYT0pI9JBhY,https://drive.google.com/a/ucsc.edu/file/d/1atx-qm8dAIdVRSq-YDDdJbYT0pI9JBhY/view?usp=drivesdk,,Samuel Rapp,7/30/2019,364789,,
V014.jpg,19w4XPchhqy7kfgRcpLXteMCSKBcCuo_g,https://drive.google.com/a/ucsc.edu/file/d/19w4XPchhqy7kfgRcpLXteMCSKBcCuo_g/view?usp=drivesdk,,Samuel Rapp,7/30/2019,249731,,
V024.jpg,12OdVNcOvwUZbNo6VHrWW-ckgIOLScDbD,https://drive.google.com/a/ucsc.edu/file/d/12OdVNcOvwUZbNo6VHrWW-ckgIOLScDbD/view?usp=drivesdk,,Samuel Rapp,7/30/2019,1245237,,
V025.jpg,1s_ezvLdWLdRSs0sVkJXEavYRHWzpz0uC,https://drive.google.com/a/ucsc.edu/file/d/1s_ezvLdWLdRSs0sVkJXEavYRHWzpz0uC/view?usp=drivesdk,,Samuel Rapp,7/30/2019,1130414,,
V027.jpg,1hKQwgWmNg9qSOHFzgXoNAx3wHgUx4mxL,https://drive.google.com/a/ucsc.edu/file/d/1hKQwgWmNg9qSOHFzgXoNAx3wHgUx4mxL/view?usp=drivesdk,,Samuel Rapp,7/30/2019,805358,,
V028.jpg,1qfVkCeu89qtcSCs75WI6ZfVMPwphG3mm,https://drive.google.com/a/ucsc.edu/file/d/1qfVkCeu89qtcSCs75WI6ZfVMPwphG3mm/view?usp=drivesdk,,Samuel Rapp,7/30/2019,818604,,
V033.jpg,1aKWu8lp849cc09O3k45A_UYgPrB8_PG3,https://drive.google.com/a/ucsc.edu/file/d/1aKWu8lp849cc09O3k45A_UYgPrB8_PG3/view?usp=drivesdk,,Samuel Rapp,7/30/2019,296077,,